image,mean,std,median
218-4_part_10_tile_1.png,70.99019622802734,3.900513270082325,71.0
218-4_part_10_tile_10.png,71.2983751296997,3.7451217292826597,71.0
218-4_part_10_tile_11.png,68.68484878540039,4.6276865326722,69.0
218-4_part_10_tile_13.png,72.13818836212158,3.4582400682927923,72.0
218-4_part_10_tile_15.png,71.16804504394531,3.0190130966398536,71.0
218-4_part_10_tile_2.png,70.32553291320801,3.1055318024701757,70.0
218-4_part_10_tile_4.png,71.14316749572754,4.546468438310105,71.0
218-4_part_10_tile_5.png,71.60562992095947,3.613733386556017,72.0
218-4_part_10_tile_6.png,70.59582901000977,3.478374253294511,71.0
218-4_part_10_tile_7.png,70.25904655456543,3.722685350063257,70.0
218-4_part_10_tile_8.png,70.11886310577393,3.9931388971389508,70.0
218-4_part_10_tile_9.png,70.40664100646973,2.8276846889088456,70.0
218-4_part_14_tile_1.png,71.15113353729248,6.675468825022652,71.0
218-4_part_14_tile_11.png,68.40958213806152,6.5520985948748685,68.0
218-4_part_14_tile_12.png,72.40784358978271,7.566006227528252,72.0
218-4_part_14_tile_13.png,70.0332441329956,4.819279455125883,70.0
218-4_part_14_tile_14.png,70.01289939880371,7.016215175807412,69.0
218-4_part_14_tile_15.png,67.86196422576904,6.376159230767707,67.0
218-4_part_14_tile_16.png,73.47893619537354,5.69769771021542,73.0
218-4_part_14_tile_4.png,73.51239776611328,9.444471642917716,73.0
218-4_part_14_tile_5.png,70.53875732421875,6.025705024207932,70.0
218-4_part_14_tile_6.png,71.83594989776611,7.201613477580782,72.0
218-4_part_14_tile_7.png,70.77685260772705,7.715641981247514,70.0
218-4_part_14_tile_8.png,73.31798553466797,7.936789740508732,73.0
218-4_part_14_tile_9.png,68.93899440765381,5.4411796776357475,69.0
218-4_part_15_tile_1.png,69.3616714477539,4.939228162985884,69.0
218-4_part_15_tile_11.png,69.84109878540039,4.435032535122208,70.0
218-4_part_15_tile_12.png,70.20009803771973,4.497202727539726,70.0
218-4_part_15_tile_13.png,71.38252353668213,4.193597129254911,71.0
218-4_part_15_tile_14.png,73.01373767852783,3.7316753392613173,73.0
218-4_part_15_tile_15.png,70.36505508422852,4.162585862384586,70.0
218-4_part_15_tile_16.png,70.62410545349121,4.287705466117342,70.0
218-4_part_15_tile_2.png,72.00947666168213,5.152397319099369,72.0
218-4_part_15_tile_3.png,69.76181697845459,6.899471776606127,69.0
218-4_part_15_tile_5.png,69.60675239562988,4.7870761405162074,69.0
218-4_part_15_tile_6.png,72.25585174560547,3.7945620041659733,72.0
218-4_part_15_tile_9.png,69.03958129882812,4.5373196923629875,68.0
218-4_part_16_tile_1.png,72.86167240142822,4.665481223486104,73.0
218-4_part_16_tile_10.png,74.65339183807373,5.474125775480496,74.0
218-4_part_16_tile_11.png,73.14578628540039,6.34683753299771,73.0
218-4_part_16_tile_12.png,73.61894989013672,5.265983557391025,73.0
218-4_part_16_tile_13.png,72.95405578613281,5.1838202780724085,73.0
218-4_part_16_tile_14.png,74.40484809875488,6.024509463321344,74.0
218-4_part_16_tile_15.png,74.10206890106201,7.521620351523084,74.0
218-4_part_16_tile_2.png,73.67552375793457,4.468557377896239,73.0
218-4_part_16_tile_4.png,73.64004611968994,4.3220571535959165,74.0
218-4_part_16_tile_5.png,74.27415180206299,5.329315039727008,74.0
218-4_part_16_tile_7.png,73.65454483032227,5.588253086650579,74.0
218-4_part_16_tile_8.png,74.68106365203857,5.951925276855694,74.0
218-4_part_1_tile_1.png,81.89683628082275,3.0717858837590293,82.0
218-4_part_1_tile_10.png,78.73549842834473,4.676937816391372,79.0
218-4_part_1_tile_11.png,76.50719928741455,4.4012626020450245,76.0
218-4_part_1_tile_12.png,77.79656410217285,3.942049995669893,78.0
218-4_part_1_tile_13.png,77.7496395111084,3.171521827877513,78.0
218-4_part_1_tile_14.png,78.57407093048096,3.8458071511694656,79.0
218-4_part_1_tile_15.png,76.75787162780762,3.1823734162357256,77.0
218-4_part_1_tile_16.png,77.54718685150146,4.165693209751411,78.0
218-4_part_1_tile_2.png,81.94419765472412,4.5833372929450515,82.0
218-4_part_1_tile_4.png,78.59575080871582,4.831196168281653,79.0
218-4_part_1_tile_9.png,77.65977382659912,5.048736351087359,77.0
218-4_part_20_tile_1.png,70.0385103225708,6.100592730965229,70.0
218-4_part_20_tile_10.png,70.8986349105835,6.190086287081251,70.0
218-4_part_20_tile_12.png,70.81857299804688,4.540748199361347,71.0
218-4_part_20_tile_14.png,71.55055809020996,4.7301322345723795,71.0
218-4_part_20_tile_15.png,71.07761001586914,5.721120215751744,71.0
218-4_part_20_tile_16.png,71.2701644897461,3.9029084391600275,71.0
218-4_part_20_tile_2.png,70.3013105392456,6.119279240371944,70.0
218-4_part_20_tile_3.png,72.86476039886475,7.5368416827610885,72.0
218-4_part_20_tile_5.png,68.63206577301025,4.868996802178715,68.0
218-4_part_20_tile_6.png,70.70789909362793,5.066048253538087,71.0
218-4_part_20_tile_7.png,71.95429134368896,4.89633461914992,72.0
218-4_part_20_tile_9.png,69.14441967010498,4.911483675752188,69.0
218-4_part_5_tile_1.png,73.13777351379395,4.025765929182034,73.0
218-4_part_5_tile_10.png,74.30508041381836,3.833373760349881,74.0
218-4_part_5_tile_11.png,71.87554359436035,3.672459357350488,72.0
218-4_part_5_tile_12.png,72.81538772583008,3.9363303195232087,73.0
218-4_part_5_tile_13.png,74.41792106628418,3.430241053161621,74.0
218-4_part_5_tile_14.png,74.71332550048828,4.291138043102612,75.0
218-4_part_5_tile_15.png,72.21967315673828,3.1319770146229695,72.0
218-4_part_5_tile_16.png,73.48810577392578,3.2656518166951205,73.0
218-4_part_5_tile_3.png,71.81721115112305,3.9865155893613857,72.0
218-4_part_5_tile_4.png,72.34226131439209,4.925752001794826,72.0
218-4_part_5_tile_5.png,74.100661277771,3.607563320652376,74.0
218-4_part_5_tile_6.png,73.84697341918945,3.6165158340478682,74.0
218-4_part_5_tile_7.png,72.80788993835449,3.717985823511663,73.0
218-4_part_5_tile_9.png,74.22783184051514,3.4296185672769024,74.0
218-5_part_14_tile_1.png,72.73539161682129,4.718696162318266,73.0
218-5_part_14_tile_10.png,73.83950519561768,2.726798090574889,74.0
218-5_part_14_tile_12.png,73.44811534881592,3.4070827222970417,73.0
218-5_part_14_tile_13.png,74.41653442382812,2.817082904310305,74.0
218-5_part_14_tile_14.png,74.79221153259277,3.7957210131698815,75.0
218-5_part_14_tile_15.png,73.62578868865967,3.8649780864210914,74.0
218-5_part_14_tile_2.png,73.85463047027588,4.987046072169238,74.0
218-5_part_14_tile_3.png,72.35713577270508,2.882493307712047,72.0
218-5_part_14_tile_4.png,73.49809837341309,3.2924034142946246,73.0
218-5_part_14_tile_5.png,73.85247230529785,4.074706808998148,74.0
218-5_part_14_tile_6.png,74.55249977111816,3.2256156345017777,74.0
218-5_part_14_tile_7.png,72.69221210479736,3.0902730253408435,73.0
218-5_part_14_tile_8.png,74.05940341949463,3.487679023714889,74.0
218-5_part_14_tile_9.png,73.42789936065674,2.7237725136171296,73.0
218-5_part_15_tile_1.png,73.59298038482666,3.8450933687931044,73.0
218-5_part_15_tile_10.png,74.49275588989258,4.143572406644308,74.0
218-5_part_15_tile_11.png,72.98410892486572,4.390835925375986,73.0
218-5_part_15_tile_12.png,74.47055721282959,4.613304094232543,74.0
218-5_part_15_tile_13.png,75.12073612213135,4.508196432462072,75.0
218-5_part_15_tile_14.png,75.41995143890381,4.10420940493547,75.0
218-5_part_15_tile_15.png,74.01621532440186,4.171563102217369,74.0
218-5_part_15_tile_16.png,75.31075096130371,4.555414947706314,75.0
218-5_part_15_tile_2.png,74.29008674621582,3.732769097301825,74.0
218-5_part_15_tile_3.png,72.81724548339844,5.391922184779777,72.0
218-5_part_15_tile_4.png,74.25408363342285,6.97002241989493,74.0
218-5_part_15_tile_6.png,74.96145248413086,4.892179872978605,75.0
218-5_part_15_tile_7.png,73.20627880096436,4.450247826440021,73.0
218-5_part_15_tile_8.png,74.57041358947754,3.710855658410144,75.0
218-5_part_19_tile_1.png,72.29831218719482,3.3615199214119875,72.0
218-5_part_19_tile_10.png,73.68298053741455,4.073490208007639,74.0
218-5_part_19_tile_11.png,72.69879341125488,3.765435749971201,73.0
218-5_part_19_tile_12.png,73.78468418121338,4.094649828494771,74.0
218-5_part_19_tile_14.png,74.52626037597656,4.338667155094135,74.0
218-5_part_19_tile_15.png,73.70953369140625,4.530014915104258,73.0
218-5_part_19_tile_16.png,74.37055683135986,4.048933476171415,74.0
218-5_part_19_tile_2.png,73.34360313415527,3.6415524397370587,73.0
218-5_part_19_tile_3.png,72.92968463897705,4.947454011434131,73.0
218-5_part_19_tile_4.png,74.31962490081787,5.137126476034318,74.0
218-5_part_19_tile_5.png,73.26949310302734,3.5783957247834164,73.0
218-5_part_19_tile_6.png,74.21287250518799,4.0655563699967825,74.0
218-5_part_19_tile_8.png,74.37896347045898,4.808906355643628,74.0
218-5_part_19_tile_9.png,72.67540073394775,4.122229844884202,72.0
218-5_part_21_tile_1.png,74.89108085632324,4.289003837431718,75.0
218-5_part_21_tile_10.png,75.40591335296631,4.964116047510151,75.0
218-5_part_21_tile_11.png,74.37667274475098,4.506937355602108,74.0
218-5_part_21_tile_12.png,75.85068607330322,5.384834994002576,76.0
218-5_part_21_tile_13.png,74.59097480773926,3.952392697164465,75.0
218-5_part_21_tile_14.png,75.82712936401367,5.412858052165815,76.0
218-5_part_21_tile_15.png,74.52966403961182,5.342811484215245,74.0
218-5_part_21_tile_3.png,75.13378238677979,4.675591957945412,75.0
218-5_part_21_tile_4.png,76.4463939666748,5.410446285242635,76.0
218-5_part_21_tile_5.png,74.5208101272583,4.2415624789339335,75.0
218-5_part_21_tile_7.png,75.62674045562744,5.209707370461225,75.0
218-5_part_21_tile_8.png,76.01402187347412,4.812042297435256,76.0
218-5_part_21_tile_9.png,73.78580474853516,4.661566214493403,74.0
218-5_part_23_tile_11.png,72.07521438598633,4.870228901659916,72.0
218-5_part_23_tile_12.png,73.48100566864014,4.527615444653861,73.0
218-5_part_23_tile_13.png,72.89008712768555,4.908801958878145,73.0
218-5_part_23_tile_14.png,73.6594009399414,4.542121325534802,74.0
218-5_part_23_tile_15.png,72.82494354248047,4.225136522949243,73.0
218-5_part_23_tile_2.png,73.36122608184814,4.177076697336523,73.0
218-5_part_23_tile_5.png,73.5165376663208,5.1929773318580255,73.0
218-5_part_23_tile_6.png,73.97325229644775,4.536791845202401,74.0
218-5_part_23_tile_7.png,72.49838829040527,4.89904599110615,72.0
218-5_part_23_tile_8.png,74.4441032409668,5.180896074118916,74.0
218-5_part_23_tile_9.png,72.32907772064209,4.301556892486373,72.0
218-5_part_4_tile_1.png,72.44591999053955,3.235032061473023,72.0
218-5_part_4_tile_12.png,74.6348295211792,3.9202191553752113,75.0
218-5_part_4_tile_13.png,73.44455051422119,4.15266803331985,73.0
218-5_part_4_tile_14.png,74.38968753814697,3.595419593383164,74.0
218-5_part_4_tile_16.png,75.15628051757812,3.1476447002644465,75.0
218-5_part_4_tile_2.png,74.25743961334229,4.864685342574786,74.0
218-5_part_4_tile_3.png,74.89605236053467,8.436225117711073,73.0
218-5_part_4_tile_6.png,74.82734394073486,4.734782974145913,75.0
218-5_part_4_tile_7.png,74.16922283172607,4.616864610984873,74.0
218-5_part_4_tile_8.png,75.12379455566406,3.9566449534764616,75.0
218-5_part_4_tile_9.png,72.88399600982666,3.6629398004602263,73.0
218-5_part_9_tile_1.png,73.42420959472656,4.901476904587715,73.0
218-5_part_9_tile_10.png,74.54171371459961,4.457393428078718,74.0
218-5_part_9_tile_13.png,74.2733736038208,2.860461358882737,74.0
218-5_part_9_tile_15.png,74.3775053024292,3.2640935299872362,74.0
218-5_part_9_tile_16.png,75.06883811950684,3.637153919294412,75.0
218-5_part_9_tile_2.png,74.44167232513428,4.347715543202041,74.0
218-5_part_9_tile_3.png,73.53803730010986,4.668815798446204,73.0
218-5_part_9_tile_4.png,74.06668186187744,4.593983187567039,74.0
218-5_part_9_tile_5.png,73.98402881622314,2.851520281851378,74.0
218-5_part_9_tile_6.png,74.80741119384766,4.374503608459087,75.0
218-5_part_9_tile_7.png,74.03994083404541,4.204508640952428,74.0
218-5_part_9_tile_9.png,73.90572547912598,4.7252522907328744,74.0
218-6_part_16_tile_10.png,75.13350677490234,5.409631993824431,75.0
218-6_part_16_tile_12.png,75.77329730987549,4.233202824247334,76.0
218-6_part_16_tile_13.png,74.72535514831543,5.387262960272482,75.0
218-6_part_16_tile_14.png,75.28050136566162,4.585039454410201,75.0
218-6_part_16_tile_16.png,76.28996276855469,4.554825418535861,76.0
218-6_part_16_tile_2.png,75.38099670410156,5.684259878671565,75.0
218-6_part_16_tile_3.png,74.66496562957764,4.869894475475224,75.0
218-6_part_16_tile_4.png,75.90185546875,4.754157179617659,76.0
218-6_part_16_tile_5.png,74.41729736328125,5.139350898084359,74.0
218-6_part_16_tile_6.png,76.13499546051025,6.269001722945175,76.0
218-6_part_16_tile_7.png,74.74134254455566,5.0870304282383785,75.0
218-6_part_16_tile_8.png,75.81995487213135,4.838494985632497,76.0
218-6_part_16_tile_9.png,74.38407039642334,5.457591982799796,74.0
218-6_part_18_tile_10.png,74.45115089416504,4.416497601085203,74.0
218-6_part_18_tile_11.png,73.93830013275146,4.401757643906647,74.0
218-6_part_18_tile_12.png,75.44493389129639,5.416312532344997,75.0
218-6_part_18_tile_14.png,75.1092472076416,5.220468139646194,75.0
218-6_part_18_tile_15.png,74.39465236663818,5.612422425486351,74.0
218-6_part_18_tile_16.png,76.35626316070557,5.539298554447314,76.0
218-6_part_18_tile_2.png,74.79730129241943,3.7499624127344586,75.0
218-6_part_18_tile_3.png,74.02985954284668,4.184177173238673,74.0
218-6_part_18_tile_4.png,75.65813732147217,5.072342507326361,76.0
218-6_part_18_tile_5.png,74.29233932495117,4.614851080343254,74.0
218-6_part_18_tile_6.png,75.0554027557373,4.968418079763495,75.0
218-6_part_18_tile_7.png,74.61542320251465,4.577773391688832,75.0
218-6_part_18_tile_8.png,76.64628791809082,7.914717068118133,76.0
218-6_part_18_tile_9.png,73.83865928649902,3.7335585592506138,74.0
218-6_part_19_tile_1.png,73.71195220947266,4.956910048314997,74.0
218-6_part_19_tile_10.png,74.95727348327637,5.61530517674434,75.0
218-6_part_19_tile_12.png,75.14503002166748,4.323433719155511,75.0
218-6_part_19_tile_14.png,75.24938678741455,4.996490210408392,75.0
218-6_part_19_tile_15.png,74.2371301651001,5.163627093366439,74.0
218-6_part_19_tile_16.png,75.9312391281128,5.270736004393273,76.0
218-6_part_19_tile_2.png,74.62303638458252,4.644868056054108,74.0
218-6_part_19_tile_3.png,74.03839111328125,5.380916668193996,74.0
218-6_part_19_tile_4.png,75.3526439666748,4.587888902801858,75.0
218-6_part_19_tile_5.png,74.34617519378662,4.284033826184252,74.0
218-6_part_19_tile_7.png,74.63571262359619,5.039353323190383,75.0
218-6_part_19_tile_8.png,75.84443950653076,4.722805926528359,76.0
218-6_part_19_tile_9.png,73.4276065826416,4.214930025980183,73.0
218-6_part_1_tile_1.png,77.29478454589844,6.284583344477735,77.0
218-6_part_1_tile_10.png,75.20789432525635,6.312406595302329,75.0
218-6_part_1_tile_11.png,72.76585292816162,5.8442391564580864,72.0
218-6_part_1_tile_12.png,74.43271541595459,6.508865390026678,74.0
218-6_part_1_tile_13.png,74.1805477142334,5.8126482436307745,74.0
218-6_part_1_tile_14.png,75.43975162506104,6.4941105063411975,75.0
218-6_part_1_tile_15.png,73.69010734558105,6.482294442603881,73.0
218-6_part_1_tile_16.png,75.00295448303223,7.787873591774254,75.0
218-6_part_1_tile_2.png,79.08323287963867,6.420862996515535,79.0
218-6_part_1_tile_4.png,75.36180400848389,5.813696966252561,75.0
218-6_part_1_tile_5.png,76.73165988922119,5.90440305876843,77.0
218-6_part_1_tile_8.png,75.21039199829102,6.0856793291698175,75.0
218-6_part_1_tile_9.png,73.57980728149414,5.389919193441974,73.0
218-6_part_25_tile_1.png,73.53471279144287,4.439475088912989,73.0
218-6_part_25_tile_11.png,74.03191661834717,6.156260289723566,74.0
218-6_part_25_tile_12.png,74.92642402648926,4.196640243684346,75.0
218-6_part_25_tile_13.png,74.6639518737793,4.914144790000906,75.0
218-6_part_25_tile_14.png,75.08840274810791,4.531217833354417,75.0
218-6_part_25_tile_15.png,74.47003650665283,9.052151504178095,74.0
218-6_part_25_tile_16.png,75.55025482177734,4.22498541969533,75.0
218-6_part_25_tile_2.png,74.84210014343262,5.004604748444421,75.0
218-6_part_25_tile_4.png,75.09606266021729,5.1695727342125135,75.0
218-6_part_25_tile_5.png,74.41176700592041,4.760955100569584,74.0
218-6_part_25_tile_7.png,74.3512134552002,4.256667485088881,74.0
218-6_part_25_tile_8.png,75.24179935455322,4.871422651592217,75.0
218-6_part_25_tile_9.png,73.71465492248535,4.9813237471475755,73.0
218-6_part_3_tile_1.png,73.02586078643799,5.2204422390213,73.0
218-6_part_3_tile_10.png,74.40103530883789,6.243420321727164,74.0
218-6_part_3_tile_11.png,72.9555196762085,6.0654964626568635,73.0
218-6_part_3_tile_12.png,73.83823871612549,5.633415980316982,74.0
218-6_part_3_tile_13.png,73.71902370452881,6.644094506601728,73.0
218-6_part_3_tile_15.png,73.31652927398682,6.493158947721959,73.0
218-6_part_3_tile_16.png,74.59160137176514,7.2425501198554025,74.0
218-6_part_3_tile_2.png,74.63238048553467,6.528034651304826,74.0
218-6_part_3_tile_3.png,72.83062267303467,6.195525599070235,73.0
218-6_part_3_tile_4.png,74.18424129486084,6.473444998642994,74.0
218-6_part_3_tile_5.png,73.77313041687012,6.398369980517108,74.0
218-6_part_3_tile_6.png,74.49669361114502,6.7117277512230675,74.0
218-6_part_3_tile_7.png,73.76764488220215,6.071037693720807,73.0
218-6_part_3_tile_8.png,74.60197639465332,7.2678182373155265,74.0
218-6_part_3_tile_9.png,73.46066761016846,6.6751670712372775,73.0
