file_name,mean,std,median,min,max,pixel_count
218-4_part_10_tile_1.png,0.2783929407596588,0.015296128578484058,0.27843138575553894,0.16862745583057404,1.0,1048576
218-4_part_10_tile_10.png,0.27960145473480225,0.014686751179397106,0.27843138575553894,0.16862745583057404,0.6941176652908325,1048576
218-4_part_10_tile_11.png,0.26935237646102905,0.018147792667150497,0.2705882489681244,0.1568627506494522,1.0,1048576
218-4_part_10_tile_13.png,0.2828948199748993,0.013561724685132504,0.2823529541492462,0.18039216101169586,0.5490196943283081,1048576
218-4_part_10_tile_15.png,0.27909034490585327,0.011839265935122967,0.27843138575553894,0.16078431904315948,0.5215686559677124,1048576
218-4_part_10_tile_2.png,0.2757863998413086,0.012178555130958557,0.27450984716415405,0.16862745583057404,0.5529412031173706,1048576
218-4_part_10_tile_4.png,0.27899283170700073,0.01782928593456745,0.27843138575553894,0.15294118225574493,0.6705882549285889,1048576
218-4_part_10_tile_5.png,0.28080642223358154,0.014171501621603966,0.2823529541492462,0.1568627506494522,0.9647059440612793,1048576
218-4_part_10_tile_6.png,0.27684643864631653,0.013640680350363255,0.27843138575553894,0.16470588743686676,0.6666666865348816,1048576
218-4_part_10_tile_7.png,0.27552565932273865,0.014598763547837734,0.27450984716415405,0.16470588743686676,0.8588235378265381,1048576
218-4_part_10_tile_8.png,0.27497604489326477,0.01565936952829361,0.27450984716415405,0.1568627506494522,0.7137255072593689,1048576
218-4_part_10_tile_9.png,0.2761044502258301,0.011088958010077477,0.27450984716415405,0.1764705926179886,0.48627451062202454,1048576
218-4_part_14_tile_1.png,0.2790240943431854,0.026178307831287384,0.27843138575553894,0.13725492358207703,1.0,1048576
218-4_part_14_tile_11.png,0.26827293634414673,0.025694509968161583,0.2666666805744171,0.11764705926179886,1.0,1048576
218-4_part_14_tile_12.png,0.2839522659778595,0.029670611023902893,0.2823529541492462,0.10588235408067703,1.0,1048576
218-4_part_14_tile_13.png,0.27464017271995544,0.018899135291576385,0.27450984716415405,0.13725492358207703,0.7411764860153198,1048576
218-4_part_14_tile_14.png,0.2745603621006012,0.027514567598700523,0.2705882489681244,0.13333334028720856,1.0,1048576
218-4_part_14_tile_15.png,0.26612529158592224,0.025004547089338303,0.26274511218070984,0.11764705926179886,1.0,1048576
218-4_part_14_tile_16.png,0.28815269470214844,0.022343911230564117,0.2862745225429535,0.125490203499794,1.0,1048576
218-4_part_14_tile_4.png,0.28828391432762146,0.03703714534640312,0.2862745225429535,0.12156862765550613,1.0,1048576
218-4_part_14_tile_5.png,0.276622474193573,0.023630211129784584,0.27450984716415405,0.13333334028720856,1.0,1048576
218-4_part_14_tile_6.png,0.2817097008228302,0.028241625055670738,0.2823529541492462,0.13333334028720856,1.0,1048576
218-4_part_14_tile_7.png,0.27755627036094666,0.03025742620229721,0.27450984716415405,0.11764705926179886,1.0,1048576
218-4_part_14_tile_8.png,0.2875215411186218,0.031124664470553398,0.2862745225429535,0.125490203499794,1.0,1048576
218-4_part_14_tile_9.png,0.2703489363193512,0.0213379617780447,0.2705882489681244,0.13333334028720856,1.0,1048576
218-4_part_15_tile_1.png,0.2720066010951996,0.019369523972272873,0.2705882489681244,0.13725492358207703,0.8352941274642944,1048576
218-4_part_15_tile_11.png,0.27388662099838257,0.01739228330552578,0.27450984716415405,0.13725492358207703,0.5333333611488342,1048576
218-4_part_15_tile_12.png,0.2752944529056549,0.017636090517044067,0.27450984716415405,0.1411764770746231,0.8352941274642944,1048576
218-4_part_15_tile_13.png,0.27993151545524597,0.016445476561784744,0.27843138575553894,0.15294118225574493,0.6549020409584045,1048576
218-4_part_15_tile_14.png,0.2863283157348633,0.014634017832577229,0.2862745225429535,0.1725490242242813,1.0,1048576
218-4_part_15_tile_15.png,0.2759414613246918,0.016323868185281754,0.27450984716415405,0.1568627506494522,0.658823549747467,1048576
218-4_part_15_tile_16.png,0.276957243680954,0.01681452989578247,0.27450984716415405,0.15294118225574493,0.5372549295425415,1048576
218-4_part_15_tile_2.png,0.2823900580406189,0.020205477252602577,0.2823529541492462,0.13725492358207703,1.0,1048576
218-4_part_15_tile_3.png,0.27357566356658936,0.027056751772761345,0.2705882489681244,0.11764705926179886,0.9333333373069763,1048576
218-4_part_15_tile_5.png,0.2729676365852356,0.018772849813103676,0.2705882489681244,0.14509804546833038,1.0,1048576
218-4_part_15_tile_6.png,0.28335636854171753,0.014880633912980556,0.2823529541492462,0.15294118225574493,0.5333333611488342,1048576
218-4_part_15_tile_9.png,0.2707434892654419,0.017793413251638412,0.2666666805744171,0.14901961386203766,0.501960813999176,1048576
218-4_part_16_tile_1.png,0.28573209047317505,0.018296001479029655,0.2862745225429535,0.1764705926179886,0.7058823704719543,1048576
218-4_part_16_tile_10.png,0.29275834560394287,0.021467158570885658,0.29019609093666077,0.16862745583057404,0.7411764860153198,1048576
218-4_part_16_tile_11.png,0.28684622049331665,0.024889560416340828,0.2862745225429535,0.16078431904315948,1.0,1048576
218-4_part_16_tile_12.png,0.2887018024921417,0.020650913938879967,0.2862745225429535,0.16862745583057404,0.8862745761871338,1048576
218-4_part_16_tile_13.png,0.2860943377017975,0.0203287061303854,0.2862745225429535,0.1568627506494522,0.6901960968971252,1048576
218-4_part_16_tile_14.png,0.29178377985954285,0.02362552471458912,0.29019609093666077,0.16470588743686676,1.0,1048576
218-4_part_16_tile_15.png,0.2905963957309723,0.029496554285287857,0.29019609093666077,0.15294118225574493,1.0,1048576
218-4_part_16_tile_2.png,0.2889235317707062,0.0175237525254488,0.2862745225429535,0.18039216101169586,0.6039215922355652,1048576
218-4_part_16_tile_4.png,0.28878453373908997,0.0169492457062006,0.29019609093666077,0.18039216101169586,0.658823549747467,1048576
218-4_part_16_tile_5.png,0.29127126932144165,0.020899269729852676,0.29019609093666077,0.16470588743686676,0.5254902243614197,1048576
218-4_part_16_tile_7.png,0.2888413071632385,0.021914714947342873,0.29019609093666077,0.1725490242242813,1.0,1048576
218-4_part_16_tile_8.png,0.29286688566207886,0.023340880870819092,0.29019609093666077,0.18039216101169586,1.0,1048576
218-4_part_1_tile_1.png,0.32116398215293884,0.012046216987073421,0.32156863808631897,0.21568627655506134,0.6627451181411743,1048576
218-4_part_1_tile_10.png,0.308766633272171,0.018340928480029106,0.30980393290519714,0.18431374430656433,1.0,1048576
218-4_part_1_tile_11.png,0.3000282049179077,0.017259851098060608,0.2980392277240753,0.1921568661928177,0.8745098114013672,1048576
218-4_part_1_tile_12.png,0.30508458614349365,0.01545901782810688,0.30588236451148987,0.1921568661928177,0.8705882430076599,1048576
218-4_part_1_tile_13.png,0.30490055680274963,0.012437338009476662,0.30588236451148987,0.1882352977991104,0.8705882430076599,1048576
218-4_part_1_tile_14.png,0.308133602142334,0.01508159376680851,0.30980393290519714,0.18431374430656433,0.9058823585510254,1048576
218-4_part_1_tile_15.png,0.30101123452186584,0.012479892931878567,0.3019607961177826,0.1921568661928177,0.4941176474094391,1048576
218-4_part_1_tile_16.png,0.30410662293434143,0.016336049884557724,0.30588236451148987,0.1764705926179886,0.686274528503418,1048576
218-4_part_1_tile_2.png,0.32134976983070374,0.017973868176341057,0.32156863808631897,0.21176470816135406,0.8235294818878174,1048576
218-4_part_1_tile_4.png,0.3082185387611389,0.01894586719572544,0.30980393290519714,0.1921568661928177,0.7607843279838562,1048576
218-4_part_1_tile_9.png,0.30454811453819275,0.019798962399363518,0.3019607961177826,0.18431374430656433,1.0,1048576
218-4_part_20_tile_1.png,0.2746608257293701,0.02392389252781868,0.27450984716415405,0.11372549086809158,1.0,1048576
218-4_part_20_tile_10.png,0.27803391218185425,0.02427484467625618,0.27450984716415405,0.13725492358207703,1.0,1048576
218-4_part_20_tile_12.png,0.2777198553085327,0.017806854099035263,0.27843138575553894,0.13333334028720856,1.0,1048576
218-4_part_20_tile_14.png,0.2805904746055603,0.018549537286162376,0.27843138575553894,0.14901961386203766,0.9019607901573181,1048576
218-4_part_20_tile_15.png,0.2787357568740845,0.022435765713453293,0.27843138575553894,0.13333334028720856,0.9529411792755127,1048576
218-4_part_20_tile_16.png,0.2794908881187439,0.015305522829294205,0.27843138575553894,0.14901961386203766,0.7411764860153198,1048576
218-4_part_20_tile_2.png,0.2756913900375366,0.023997174575924873,0.27450984716415405,0.125490203499794,0.686274528503418,1048576
218-4_part_20_tile_3.png,0.28574422001838684,0.029556237161159515,0.2823529541492462,0.11372549086809158,1.0,1048576
218-4_part_20_tile_5.png,0.2691453993320465,0.019094105809926987,0.2666666805744171,0.12941177189350128,1.0,1048576
218-4_part_20_tile_6.png,0.2772858738899231,0.019866857677698135,0.27843138575553894,0.13333334028720856,0.8666666746139526,1048576
218-4_part_20_tile_7.png,0.2821737825870514,0.019201310351490974,0.2823529541492462,0.125490203499794,0.6705882549285889,1048576
218-4_part_20_tile_9.png,0.27115461230278015,0.019260721281170845,0.2705882489681244,0.13333334028720856,0.8588235378265381,1048576
218-4_part_5_tile_1.png,0.28681480884552,0.015787316486239433,0.2862745225429535,0.18431374430656433,0.6666666865348816,1048576
218-4_part_5_tile_10.png,0.29139256477355957,0.015032835304737091,0.29019609093666077,0.18039216101169586,1.0,1048576
218-4_part_5_tile_11.png,0.2818649113178253,0.014401799067854881,0.2823529541492462,0.1764705926179886,1.0,1048576
218-4_part_5_tile_12.png,0.28555044531822205,0.015436585992574692,0.2862745225429535,0.18039216101169586,0.5411764979362488,1048576
218-4_part_5_tile_13.png,0.2918350398540497,0.013451925478875637,0.29019609093666077,0.18431374430656433,0.5647059082984924,1048576
218-4_part_5_tile_14.png,0.292993426322937,0.016827993094921112,0.29411765933036804,0.1882352977991104,0.917647123336792,1048576
218-4_part_5_tile_15.png,0.2832145392894745,0.012282261624932289,0.2823529541492462,0.18039216101169586,0.9882352948188782,1048576
218-4_part_5_tile_16.png,0.2881886661052704,0.012806476093828678,0.2862745225429535,0.18431374430656433,0.5764706134796143,1048576
218-4_part_5_tile_3.png,0.2816360890865326,0.015633393079042435,0.2823529541492462,0.16862745583057404,1.0,1048576
218-4_part_5_tile_4.png,0.2836950719356537,0.019316673278808594,0.2823529541492462,0.16862745583057404,0.9803921580314636,1048576
218-4_part_5_tile_5.png,0.2905908226966858,0.014147303998470306,0.29019609093666077,0.18039216101169586,0.4901960790157318,1048576
218-4_part_5_tile_6.png,0.28959599137306213,0.014182413928210735,0.29019609093666077,0.1764705926179886,0.8549019694328308,1048576
218-4_part_5_tile_7.png,0.28552111983299255,0.014580332674086094,0.2862745225429535,0.18039216101169586,0.658823549747467,1048576
218-4_part_5_tile_9.png,0.29108956456184387,0.013449481688439846,0.29019609093666077,0.19607843458652496,0.4627451002597809,1048576
218-5_part_14_tile_1.png,0.28523677587509155,0.018504690378904343,0.2862745225429535,0.18039216101169586,0.8666666746139526,1048576
218-5_part_14_tile_10.png,0.28956666588783264,0.010693324729800224,0.29019609093666077,0.1882352977991104,0.9686274528503418,1048576
218-5_part_14_tile_12.png,0.28803178668022156,0.013361108489334583,0.2862745225429535,0.1882352977991104,0.5176470875740051,1048576
218-5_part_14_tile_13.png,0.29182958602905273,0.011047380045056343,0.29019609093666077,0.18039216101169586,0.4431372880935669,1048576
218-5_part_14_tile_14.png,0.2933028042316437,0.01488517876714468,0.29411765933036804,0.1882352977991104,0.686274528503418,1048576
218-5_part_14_tile_15.png,0.2887285649776459,0.015156775712966919,0.29019609093666077,0.18431374430656433,1.0,1048576
218-5_part_14_tile_2.png,0.2896260619163513,0.0195570420473814,0.29019609093666077,0.18431374430656433,1.0,1048576
218-5_part_14_tile_3.png,0.28375348448753357,0.01130389329046011,0.2823529541492462,0.18039216101169586,0.6470588445663452,1048576
218-5_part_14_tile_4.png,0.28822794556617737,0.012911383993923664,0.2862745225429535,0.1882352977991104,0.8039215803146362,1048576
218-5_part_14_tile_5.png,0.28961750864982605,0.01597924344241619,0.29019609093666077,0.18039216101169586,1.0,1048576
218-5_part_14_tile_6.png,0.2923627197742462,0.012649471871554852,0.29019609093666077,0.1764705926179886,0.8862745761871338,1048576
218-5_part_14_tile_7.png,0.28506746888160706,0.012118714861571789,0.2862745225429535,0.1764705926179886,0.4784313440322876,1048576
218-5_part_14_tile_8.png,0.29042908549308777,0.013677170500159264,0.29019609093666077,0.18431374430656433,1.0,1048576
218-5_part_14_tile_9.png,0.2879524528980255,0.010681459680199623,0.2862745225429535,0.19607843458652496,0.7098039388656616,1048576
218-5_part_15_tile_1.png,0.2885998785495758,0.015078796073794365,0.2862745225429535,0.1725490242242813,0.7921569347381592,1048576
218-5_part_15_tile_10.png,0.29212844371795654,0.01624930277466774,0.29019609093666077,0.1764705926179886,0.7568626999855042,1048576
218-5_part_15_tile_11.png,0.28621217608451843,0.01721896231174469,0.2862745225429535,0.18039216101169586,0.8470588326454163,1048576
218-5_part_15_tile_12.png,0.2920413911342621,0.018091389909386635,0.29019609093666077,0.1882352977991104,1.0,1048576
218-5_part_15_tile_13.png,0.29459112882614136,0.01767919957637787,0.29411765933036804,0.16862745583057404,0.6901960968971252,1048576
218-5_part_15_tile_14.png,0.2957645654678345,0.016094937920570374,0.29411765933036804,0.18039216101169586,0.6078431606292725,1048576
218-5_part_15_tile_15.png,0.2902596890926361,0.01635906845331192,0.29019609093666077,0.1725490242242813,0.6470588445663452,1048576
218-5_part_15_tile_16.png,0.2953362464904785,0.017864368855953217,0.29411765933036804,0.18431374430656433,0.7019608020782471,1048576
218-5_part_15_tile_2.png,0.2913336753845215,0.014638308435678482,0.29019609093666077,0.18431374430656433,0.8274509906768799,1048576
218-5_part_15_tile_3.png,0.2855578064918518,0.021144790574908257,0.2823529541492462,0.18039216101169586,1.0,1048576
218-5_part_15_tile_4.png,0.29119256138801575,0.027333419770002365,0.29019609093666077,0.1882352977991104,1.0,1048576
218-5_part_15_tile_6.png,0.2939664423465729,0.01918501779437065,0.29411765933036804,0.1764705926179886,0.6823529005050659,1048576
218-5_part_15_tile_7.png,0.28708356618881226,0.017451955005526543,0.2862745225429535,0.18431374430656433,1.0,1048576
218-5_part_15_tile_8.png,0.2924330234527588,0.014552374370396137,0.29411765933036804,0.18039216101169586,0.9686274528503418,1048576
218-5_part_19_tile_1.png,0.2835227847099304,0.01318242959678173,0.2823529541492462,0.19607843458652496,0.4627451002597809,1048576
218-5_part_19_tile_10.png,0.28895288705825806,0.015974469482898712,0.29019609093666077,0.1764705926179886,0.7372549772262573,1048576
218-5_part_19_tile_11.png,0.2850932776927948,0.014766412787139416,0.2862745225429535,0.1764705926179886,0.717647135257721,1048576
218-5_part_19_tile_12.png,0.2893517017364502,0.016057448461651802,0.29019609093666077,0.1882352977991104,0.615686297416687,1048576
218-5_part_19_tile_14.png,0.2922598421573639,0.017014378681778908,0.29019609093666077,0.13333334028720856,0.8039215803146362,1048576
218-5_part_19_tile_15.png,0.28905707597732544,0.01776476390659809,0.2862745225429535,0.1882352977991104,0.7568626999855042,1048576
218-5_part_19_tile_16.png,0.29164919257164,0.015878168866038322,0.29019609093666077,0.1921568661928177,0.7882353067398071,1048576
218-5_part_19_tile_2.png,0.2876219153404236,0.014280596747994423,0.2862745225429535,0.18431374430656433,0.8549019694328308,1048576
218-5_part_19_tile_3.png,0.28599873185157776,0.019401781260967255,0.2862745225429535,0.1882352977991104,1.0,1048576
218-5_part_19_tile_4.png,0.29144948720932007,0.02014559507369995,0.29019609093666077,0.1882352977991104,0.7607843279838562,1048576
218-5_part_19_tile_5.png,0.28733131289482117,0.014032920822501183,0.2862745225429535,0.18431374430656433,0.4745098054409027,1048576
218-5_part_19_tile_6.png,0.2910308837890625,0.015943357720971107,0.29019609093666077,0.18431374430656433,1.0,1048576
218-5_part_19_tile_8.png,0.2916822135448456,0.01885845512151718,0.29019609093666077,0.1882352977991104,1.0,1048576
218-5_part_19_tile_9.png,0.2850015461444855,0.016165604814887047,0.2823529541492462,0.16470588743686676,0.772549033164978,1048576
218-5_part_21_tile_1.png,0.29369056224823,0.01681962050497532,0.29411765933036804,0.15294118225574493,0.6745098233222961,1048576
218-5_part_21_tile_10.png,0.2957094609737396,0.019467122852802277,0.29411765933036804,0.18039216101169586,0.9803921580314636,1048576
218-5_part_21_tile_11.png,0.2916732132434845,0.017674263566732407,0.29019609093666077,0.1921568661928177,0.8039215803146362,1048576
218-5_part_21_tile_12.png,0.29745379090309143,0.021116996183991432,0.2980392277240753,0.1921568661928177,0.8352941274642944,1048576
218-5_part_21_tile_13.png,0.29251357913017273,0.015499576926231384,0.29411765933036804,0.1882352977991104,0.9529411792755127,1048576
218-5_part_21_tile_14.png,0.2973614037036896,0.02122689224779606,0.2980392277240753,0.19607843458652496,0.8156862854957581,1048576
218-5_part_21_tile_15.png,0.29227325320243835,0.020952200517058372,0.29019609093666077,0.18039216101169586,0.800000011920929,1048576
218-5_part_21_tile_3.png,0.29464226961135864,0.018335651606321335,0.29411765933036804,0.1882352977991104,0.8666666746139526,1048576
218-5_part_21_tile_4.png,0.2997897267341614,0.021217435598373413,0.2980392277240753,0.16862745583057404,1.0,1048576
218-5_part_21_tile_5.png,0.29223838448524475,0.016633575782179832,0.29411765933036804,0.18431374430656433,0.7960784435272217,1048576
218-5_part_21_tile_7.png,0.2965754568576813,0.020430222153663635,0.29411765933036804,0.16470588743686676,1.0,1048576
218-5_part_21_tile_8.png,0.29809412360191345,0.018870754167437553,0.2980392277240753,0.19607843458652496,0.9098039269447327,1048576
218-5_part_21_tile_9.png,0.2893560230731964,0.018280647695064545,0.29019609093666077,0.18431374430656433,0.6313725709915161,1048576
218-5_part_23_tile_11.png,0.2826479375362396,0.019098935648798943,0.2823529541492462,0.15294118225574493,0.9764705896377563,1048576
218-5_part_23_tile_12.png,0.28816086053848267,0.017755353823304176,0.2862745225429535,0.1882352977991104,0.7764705419540405,1048576
218-5_part_23_tile_13.png,0.2858434319496155,0.019250202924013138,0.2862745225429535,0.16078431904315948,0.9882352948188782,1048576
218-5_part_23_tile_14.png,0.28886041045188904,0.01781223900616169,0.29019609093666077,0.1882352977991104,1.0,1048576
218-5_part_23_tile_15.png,0.28558796644210815,0.01656915992498398,0.2862745225429535,0.18039216101169586,0.6901960968971252,1048576
218-5_part_23_tile_2.png,0.2876911163330078,0.016380691900849342,0.2862745225429535,0.1921568661928177,1.0,1048576
218-5_part_23_tile_5.png,0.28830021619796753,0.020364614203572273,0.2862745225429535,0.16470588743686676,1.0,1048576
218-5_part_23_tile_6.png,0.29009127616882324,0.017791341990232468,0.29019609093666077,0.18431374430656433,1.0,1048576
218-5_part_23_tile_7.png,0.28430745005607605,0.019211940467357635,0.2823529541492462,0.18039216101169586,0.9529411792755127,1048576
218-5_part_23_tile_8.png,0.29193761944770813,0.020317235961556435,0.29019609093666077,0.18039216101169586,1.0,1048576
218-5_part_23_tile_9.png,0.2836434245109558,0.016868848353624344,0.2823529541492462,0.18431374430656433,0.9019607901573181,1048576
218-5_part_4_tile_1.png,0.2841016948223114,0.012686396948993206,0.2823529541492462,0.1725490242242813,0.725490152835846,1048576
218-5_part_4_tile_12.png,0.2926855683326721,0.015373408794403076,0.29411765933036804,0.18431374430656433,0.6666666865348816,1048576
218-5_part_4_tile_13.png,0.28801780939102173,0.016284970566630363,0.2862745225429535,0.1725490242242813,0.9882352948188782,1048576
218-5_part_4_tile_14.png,0.291724294424057,0.014099683612585068,0.29019609093666077,0.18039216101169586,0.8980392217636108,1048576
218-5_part_4_tile_16.png,0.2947305142879486,0.012343703769147396,0.29411765933036804,0.16078431904315948,0.9647059440612793,1048576
218-5_part_4_tile_2.png,0.29120558500289917,0.01907719485461712,0.29019609093666077,0.1725490242242813,0.5254902243614197,1048576
218-5_part_4_tile_3.png,0.29371005296707153,0.0330832302570343,0.2862745225429535,0.18039216101169586,1.0,1048576
218-5_part_4_tile_6.png,0.2934406101703644,0.018567774444818497,0.29411765933036804,0.18039216101169586,0.6392157077789307,1048576
218-5_part_4_tile_7.png,0.29085978865623474,0.01810535043478012,0.29019609093666077,0.1725490242242813,0.7843137383460999,1048576
218-5_part_4_tile_8.png,0.2946030795574188,0.015516255050897598,0.29411765933036804,0.16078431904315948,0.5843137502670288,1048576
218-5_part_4_tile_9.png,0.28581956028938293,0.014364466071128845,0.2862745225429535,0.18039216101169586,0.8745098114013672,1048576
218-5_part_9_tile_1.png,0.28793808817863464,0.019221477210521698,0.2862745225429535,0.18431374430656433,1.0,1048576
218-5_part_9_tile_10.png,0.2923203706741333,0.017479972913861275,0.29019609093666077,0.18039216101169586,1.0,1048576
218-5_part_9_tile_13.png,0.29126814007759094,0.011217495426535606,0.29019609093666077,0.18039216101169586,0.46666666865348816,1048576
218-5_part_9_tile_15.png,0.2916765809059143,0.012800363823771477,0.29019609093666077,0.1764705926179886,0.8980392217636108,1048576
218-5_part_9_tile_16.png,0.2943876385688782,0.014263346791267395,0.29411765933036804,0.1882352977991104,1.0,1048576
218-5_part_9_tile_2.png,0.29192814230918884,0.017049862071871758,0.29019609093666077,0.18431374430656433,0.5372549295425415,1048576
218-5_part_9_tile_3.png,0.28838443756103516,0.018309080973267555,0.2862745225429535,0.16862745583057404,0.7921569347381592,1048576
218-5_part_9_tile_4.png,0.29045769572257996,0.01801561936736107,0.29019609093666077,0.18039216101169586,0.9137254953384399,1048576
218-5_part_9_tile_5.png,0.29013344645500183,0.011182431131601334,0.29019609093666077,0.18431374430656433,1.0,1048576
218-5_part_9_tile_6.png,0.2933623492717743,0.017154915258288383,0.29411765933036804,0.18039216101169586,1.0,1048576
218-5_part_9_tile_7.png,0.29035261273384094,0.016488268971443176,0.29019609093666077,0.16862745583057404,0.658823549747467,1048576
218-5_part_9_tile_9.png,0.289826363325119,0.018530400469899178,0.29019609093666077,0.18039216101169586,0.572549045085907,1048576
218-6_part_16_tile_10.png,0.2946411669254303,0.021214241161942482,0.29411765933036804,0.18039216101169586,1.0,1048576
218-6_part_16_tile_12.png,0.2971501052379608,0.016600793227553368,0.2980392277240753,0.1882352977991104,0.6666666865348816,1048576
218-6_part_16_tile_13.png,0.29304054379463196,0.0211265217512846,0.29411765933036804,0.14901961386203766,1.0,1048576
218-6_part_16_tile_14.png,0.29521769285202026,0.01798054575920105,0.29411765933036804,0.1725490242242813,0.658823549747467,1048576
218-6_part_16_tile_16.png,0.29917633533477783,0.01786205917596817,0.2980392277240753,0.1568627506494522,1.0,1048576
218-6_part_16_tile_2.png,0.29561173915863037,0.022291213274002075,0.29411765933036804,0.18039216101169586,0.9882352948188782,1048576
218-6_part_16_tile_3.png,0.29280370473861694,0.019097624346613884,0.29411765933036804,0.1764705926179886,0.8901960849761963,1048576
218-6_part_16_tile_4.png,0.2976544499397278,0.018643749877810478,0.2980392277240753,0.18431374430656433,1.0,1048576
218-6_part_16_tile_5.png,0.29183241724967957,0.0201543178409338,0.29019609093666077,0.14509804546833038,1.0,1048576
218-6_part_16_tile_6.png,0.29856860637664795,0.024584319442510605,0.2980392277240753,0.1764705926179886,1.0,1048576
218-6_part_16_tile_7.png,0.29310327768325806,0.019949138164520264,0.29411765933036804,0.16078431904315948,0.7411764860153198,1048576
218-6_part_16_tile_8.png,0.2973331809043884,0.018974488601088524,0.2980392277240753,0.18431374430656433,0.7411764860153198,1048576
218-6_part_16_tile_9.png,0.2917022407054901,0.02140231989324093,0.29019609093666077,0.054901961237192154,0.9098039269447327,1048576
218-6_part_18_tile_10.png,0.2919652760028839,0.01731959916651249,0.29019609093666077,0.1921568661928177,1.0,1048576
218-6_part_18_tile_11.png,0.28995418548583984,0.017261793836951256,0.29019609093666077,0.18039216101169586,0.9647059440612793,1048576
218-6_part_18_tile_12.png,0.29586249589920044,0.021240439265966415,0.29411765933036804,0.1725490242242813,1.0,1048576
218-6_part_18_tile_14.png,0.2945460081100464,0.02047242410480976,0.29411765933036804,0.18431374430656433,1.0,1048576
218-6_part_18_tile_15.png,0.29174378514289856,0.02200949937105179,0.29019609093666077,0.16862745583057404,1.0,1048576
218-6_part_18_tile_16.png,0.2994363307952881,0.021722737699747086,0.2980392277240753,0.1568627506494522,1.0,1048576
218-6_part_18_tile_2.png,0.2933228015899658,0.014705733396112919,0.29411765933036804,0.18431374430656433,1.0,1048576
218-6_part_18_tile_3.png,0.29031306505203247,0.016408538445830345,0.29019609093666077,0.18039216101169586,0.6549020409584045,1048576
218-6_part_18_tile_4.png,0.29669851064682007,0.019891537725925446,0.2980392277240753,0.1764705926179886,1.0,1048576
218-6_part_18_tile_5.png,0.29134243726730347,0.01809745281934738,0.29019609093666077,0.16470588743686676,0.9960784316062927,1048576
218-6_part_18_tile_6.png,0.29433488845825195,0.019483990967273712,0.29411765933036804,0.1882352977991104,1.0,1048576
218-6_part_18_tile_7.png,0.2926095426082611,0.017952052876353264,0.29411765933036804,0.16862745583057404,1.0,1048576
218-6_part_18_tile_8.png,0.3005736768245697,0.031038103625178337,0.2980392277240753,0.1568627506494522,0.9450980424880981,1048576
218-6_part_18_tile_9.png,0.28956338763237,0.014641404151916504,0.29019609093666077,0.1725490242242813,0.5921568870544434,1048576
218-6_part_19_tile_1.png,0.28906646370887756,0.019438860937952995,0.29019609093666077,0.16862745583057404,1.0,1048576
218-6_part_19_tile_10.png,0.29395002126693726,0.022020801901817322,0.29411765933036804,0.1882352977991104,1.0,1048576
218-6_part_19_tile_12.png,0.29468631744384766,0.01695464365184307,0.29411765933036804,0.18431374430656433,1.0,1048576
218-6_part_19_tile_14.png,0.2950955927371979,0.01959407888352871,0.29411765933036804,0.18431374430656433,1.0,1048576
218-6_part_19_tile_15.png,0.291126012802124,0.020249513909220695,0.29019609093666077,0.1764705926179886,1.0,1048576
218-6_part_19_tile_16.png,0.29776957631111145,0.02066955156624317,0.2980392277240753,0.18431374430656433,1.0,1048576
218-6_part_19_tile_2.png,0.29263928532600403,0.01821517013013363,0.29019609093666077,0.1882352977991104,0.8588235378265381,1048576
218-6_part_19_tile_3.png,0.2903466820716858,0.021101633086800575,0.29019609093666077,0.16862745583057404,1.0,1048576
218-6_part_19_tile_4.png,0.2955004572868347,0.017991717904806137,0.29411765933036804,0.1921568661928177,0.6980392336845398,1048576
218-6_part_19_tile_5.png,0.29155364632606506,0.016800131648778915,0.29019609093666077,0.18431374430656433,0.7529411911964417,1048576
218-6_part_19_tile_7.png,0.29268917441368103,0.01976216584444046,0.29411765933036804,0.1725490242242813,1.0,1048576
218-6_part_19_tile_8.png,0.2974292039871216,0.018520807847380638,0.2980392277240753,0.1921568661928177,1.0,1048576
218-6_part_19_tile_9.png,0.28795143961906433,0.016529133543372154,0.2862745225429535,0.18431374430656433,0.9803921580314636,1048576
218-6_part_1_tile_1.png,0.3031167685985565,0.024645423516631126,0.3019607961177826,0.1764705926179886,1.0,1048576
218-6_part_1_tile_10.png,0.2949329912662506,0.024754533544182777,0.29411765933036804,0.16862745583057404,0.8117647767066956,1048576
218-6_part_1_tile_11.png,0.2853563129901886,0.022918585687875748,0.2823529541492462,0.1568627506494522,1.0,1048576
218-6_part_1_tile_12.png,0.29189300537109375,0.025524966418743134,0.29019609093666077,0.1568627506494522,1.0,1048576
218-6_part_1_tile_13.png,0.29090407490730286,0.022794699296355247,0.29019609093666077,0.14509804546833038,0.9333333373069763,1048576
218-6_part_1_tile_14.png,0.2958422303199768,0.025467103347182274,0.29411765933036804,0.1568627506494522,1.0,1048576
218-6_part_1_tile_15.png,0.2889808118343353,0.02542075887322426,0.2862745225429535,0.15294118225574493,0.9294117093086243,1048576
218-6_part_1_tile_16.png,0.29412922263145447,0.030540678650140762,0.29411765933036804,0.15294118225574493,1.0,1048576
218-6_part_1_tile_2.png,0.31013041734695435,0.025179851800203323,0.30980393290519714,0.15294118225574493,0.7686274647712708,1048576
218-6_part_1_tile_4.png,0.29553648829460144,0.02279880829155445,0.29411765933036804,0.16470588743686676,1.0,1048576
218-6_part_1_tile_5.png,0.30090847611427307,0.023154519498348236,0.3019607961177826,0.16862745583057404,0.9607843160629272,1048576
218-6_part_1_tile_8.png,0.2949426770210266,0.023865407332777977,0.29411765933036804,0.13725492358207703,0.9882352948188782,1048576
218-6_part_1_tile_9.png,0.2885482907295227,0.02113693580031395,0.2862745225429535,0.16470588743686676,0.6509804129600525,1048576
218-6_part_25_tile_1.png,0.28837141394615173,0.017409702762961388,0.2862745225429535,0.1764705926179886,0.7450979948043823,1048576
218-6_part_25_tile_11.png,0.2903211712837219,0.024142194539308548,0.29019609093666077,0.18431374430656433,1.0,1048576
218-6_part_25_tile_12.png,0.29382917284965515,0.016457412391901016,0.29411765933036804,0.1764705926179886,0.5137255191802979,1048576
218-6_part_25_tile_13.png,0.29279980063438416,0.019271157681941986,0.29411765933036804,0.1725490242242813,0.6823529005050659,1048576
218-6_part_25_tile_14.png,0.2944644093513489,0.017769480124115944,0.29411765933036804,0.1725490242242813,0.5921568870544434,1048576
218-6_part_25_tile_15.png,0.2920393645763397,0.03549863398075104,0.29019609093666077,0.1725490242242813,1.0,1048576
218-6_part_25_tile_16.png,0.2962755262851715,0.016568567603826523,0.29411765933036804,0.18431374430656433,1.0,1048576
218-6_part_25_tile_2.png,0.2934984564781189,0.01962590217590332,0.29411765933036804,0.18431374430656433,1.0,1048576
218-6_part_25_tile_4.png,0.29449427127838135,0.02027283050119877,0.29411765933036804,0.1921568661928177,1.0,1048576
218-6_part_25_tile_5.png,0.29181089997291565,0.01867040991783142,0.29019609093666077,0.18039216101169586,1.0,1048576
218-6_part_25_tile_7.png,0.2915734052658081,0.016692811623215675,0.29019609093666077,0.18039216101169586,0.6470588445663452,1048576
218-6_part_25_tile_8.png,0.29506585001945496,0.01910361461341381,0.29411765933036804,0.1764705926179886,1.0,1048576
218-6_part_25_tile_9.png,0.2890770733356476,0.019534600898623466,0.2862745225429535,0.18431374430656433,1.0,1048576
218-6_part_3_tile_1.png,0.2863759696483612,0.020472319796681404,0.2862745225429535,0.1568627506494522,0.9764705896377563,1048576
218-6_part_3_tile_10.png,0.29176875948905945,0.024483999237418175,0.29019609093666077,0.15294118225574493,1.0,1048576
218-6_part_3_tile_11.png,0.2861000597476959,0.023786259815096855,0.2862745225429535,0.15294118225574493,1.0,1048576
218-6_part_3_tile_12.png,0.28956177830696106,0.022091826424002647,0.29019609093666077,0.16078431904315948,0.8745098114013672,1048576
218-6_part_3_tile_13.png,0.2890942096710205,0.026055270805954933,0.2862745225429535,0.15294118225574493,0.8039215803146362,1048576
218-6_part_3_tile_15.png,0.287515789270401,0.025463368743658066,0.2862745225429535,0.13333334028720856,0.7882353067398071,1048576
218-6_part_3_tile_16.png,0.2925160229206085,0.02840215340256691,0.29019609093666077,0.13725492358207703,1.0,1048576
218-6_part_3_tile_2.png,0.2926759123802185,0.025600135326385498,0.29019609093666077,0.1568627506494522,1.0,1048576
218-6_part_3_tile_3.png,0.2856103181838989,0.024296177551150322,0.2862745225429535,0.1568627506494522,1.0,1048576
218-6_part_3_tile_4.png,0.2909186780452728,0.025386055931448936,0.29019609093666077,0.1568627506494522,1.0,1048576
218-6_part_3_tile_5.png,0.2893064022064209,0.025091644376516342,0.29019609093666077,0.14509804546833038,1.0,1048576
218-6_part_3_tile_6.png,0.29214391112327576,0.026320500299334526,0.29019609093666077,0.14901961386203766,1.0,1048576
218-6_part_3_tile_7.png,0.28928491473197937,0.023807989433407784,0.2862745225429535,0.1568627506494522,0.8980392217636108,1048576
218-6_part_3_tile_8.png,0.2925567328929901,0.028501247987151146,0.29019609093666077,0.12941177189350128,1.0,1048576
218-6_part_3_tile_9.png,0.28808096051216125,0.026177121326327324,0.2862745225429535,0.1568627506494522,1.0,1048576
