method_name,variant_name,bhattacharyya_distance,wasserstein_distance,gradient_magnitude_similarity,edge_preservation_f1,local_contrast_ratio,background_uniformity,artifact_circularity_score,composite_score,rank_score
basicpy,basicpy__v11__hm_0,1.6920985835723725,0.2489974049466481,0.767640749613444,0.18315792343263024,7.426640968544746,2.1794167619208586,0.027545673967059137,0.4446385359810865,-0.5732044534589191
basicpy,basicpy__v13__hm_0,1.6920985835723725,0.2489974049466481,0.767640749613444,0.18315792343263024,7.426640968544746,2.1794167619208586,0.027545673967059137,0.4446385359810865,-0.5732044534589191
basicpy,basicpy__v17__hm_0,1.6920985835723725,0.2489974049466481,0.767640749613444,0.18315792343263024,7.426640968544746,2.1794167619208586,0.027545673967059137,0.4446385359810865,-0.5732044534589191
basicpy,basicpy__v15__hm_0,1.6920985835723725,0.2489974049466481,0.767640749613444,0.18315792343263024,7.426640968544746,2.1794167619208586,0.027545673967059137,0.4446385359810865,-0.5732044534589191
basicpy,basicpy__v1__hm_0,1.6920985835723725,0.2489974049466481,0.767640749613444,0.18315792343263024,7.426640968544746,2.1794167619208586,0.027545673967059137,0.4446385359810865,-0.5732044534589191
basicpy,basicpy__v19__hm_0,1.6920985835723725,0.2489974049466481,0.767640749613444,0.18315792343263024,7.426640968544746,2.1794167619208586,0.027545673967059137,0.4446385359810865,-0.5732044534589191
basicpy,basicpy__v7__hm_0,1.6920985835723725,0.2489974049466481,0.767640749613444,0.18315792343263024,7.426640968544746,2.1794167619208586,0.027545673967059137,0.4446385359810865,-0.5732044534589191
basicpy,basicpy__v9__hm_0,1.6920985835723725,0.2489974049466481,0.767640749613444,0.18315792343263024,7.426640968544746,2.1794167619208586,0.027545673967059137,0.4446385359810865,-0.5732044534589191
basicpy,basicpy__v3__hm_0,1.6920985835723725,0.2489974049466481,0.767640749613444,0.18315792343263024,7.426640968544746,2.1794167619208586,0.027545673967059137,0.4446385359810865,-0.5732044534589191
basicpy,basicpy__v5__hm_0,1.6920985835723725,0.2489974049466481,0.767640749613444,0.18315792343263024,7.426640968544746,2.1794167619208586,0.027545673967059137,0.4446385359810865,-0.5732044534589191
basicpy,basicpy__v23__hm_0,1.6920985835723725,0.2489974049466481,0.767640749613444,0.18315792343263024,7.426640968544746,2.1794167619208586,0.027545673967059137,0.4446385359810865,-0.5732044534589191
basicpy,basicpy__v21__hm_0,1.6920985835723725,0.2489974049466481,0.767640749613444,0.18315792343263024,7.426640968544746,2.1794167619208586,0.027545673967059137,0.4446385359810865,-0.5732044534589191
rolling_ball,rolling_ball__v3__hm_0,1.8810920953493406,0.2444861688256626,0.8142960667610168,0.23655919463370875,6.428162264141558,2.1442884011810426,0.025832241299628536,0.4502734915682848,-0.6502817525116215
rolling_ball,rolling_ball__v5__hm_0,1.8810920953493406,0.2444861688256626,0.8142960667610168,0.23655919463370875,6.428162264141558,2.1442884011810426,0.025832241299628536,0.4502734915682848,-0.6502817525116215
rolling_ball,rolling_ball__v7__hm_0,1.8810920953493406,0.2444861688256626,0.8142960667610168,0.23655919463370875,6.428162264141558,2.1442884011810426,0.025832241299628536,0.4502734915682848,-0.6502817525116215
rolling_ball,rolling_ball__v1__hm_0,1.8810920953493406,0.2444861688256626,0.8142960667610168,0.23655919463370875,6.428162264141558,2.1442884011810426,0.025832241299628536,0.4502734915682848,-0.6502817525116215
rolling_ball,rolling_ball__v9__hm_0,1.8810920953493406,0.2444861688256626,0.8142960667610168,0.23655919463370875,6.428162264141558,2.1442884011810426,0.025832241299628536,0.4502734915682848,-0.6502817525116215
morphological_opening,morphological_opening__v3__hm_1,2.4035261074960186,0.29211444048269186,0.6988436248567369,0.08853280391795987,13.508367063813324,0.5340222283034277,0.028400949233033324,0.40180086494154593,-1.5348642034955011
morphological_opening,morphological_opening__v2__hm_1,2.4035261074960186,0.29211444048269186,0.6988436248567369,0.08853280391795987,13.508367063813324,0.5340222283034277,0.028400949233033324,0.40180086494154593,-1.5348642034955011
morphological_opening,morphological_opening__v1__hm_1,2.4035261074960186,0.29211444048269186,0.6988436248567369,0.08853280391795987,13.508367063813324,0.5340222283034277,0.028400949233033324,0.40180086494154593,-1.5348642034955011
morphological_opening,morphological_opening__v4__hm_1,2.4035261074960186,0.29211444048269186,0.6988436248567369,0.08853280391795987,13.508367063813324,0.5340222283034277,0.028400949233033324,0.40180086494154593,-1.5348642034955011
rolling_ball,rolling_ball__v8__hm_1,2.89384859309666,0.2918083766368606,0.5248217417134179,0.06613572170774945,11.181630670886234,0.3874189880628387,0.031176870817596083,0.3732350286152112,-2.2526413485147376
rolling_ball,rolling_ball__v6__hm_1,2.89384859309666,0.2918083766368606,0.5248217417134179,0.06613572170774945,11.181630670886234,0.3874189880628387,0.031176870817596083,0.3732350286152112,-2.2526413485147376
rolling_ball,rolling_ball__v2__hm_1,2.89384859309666,0.2918083766368606,0.5248217417134179,0.06613572170774945,11.181630670886234,0.3874189880628387,0.031176870817596083,0.3732350286152112,-2.2526413485147376
rolling_ball,rolling_ball__v10__hm_1,2.89384859309666,0.2918083766368606,0.5248217417134179,0.06613572170774945,11.181630670886234,0.3874189880628387,0.031176870817596083,0.3732350286152112,-2.2526413485147376
rolling_ball,rolling_ball__v4__hm_1,2.89384859309666,0.2918083766368606,0.5248217417134179,0.06613572170774945,11.181630670886234,0.3874189880628387,0.031176870817596083,0.3732350286152112,-2.2526413485147376
polynomial_fit,polynomial_fit__v1__hm_1,3.677057937472319,0.3018110715590107,0.6501254770490859,0.10748706809143532,9.078884917912802,0.31704182248604984,0.03205831380460502,0.3724312153844933,-2.88088356231092
polynomial_fit,polynomial_fit__v2__hm_1,3.677057937472319,0.3018110715590107,0.6501254770490859,0.10748706809143532,9.078884917912802,0.31704182248604984,0.03205831380460502,0.3724312153844933,-2.88088356231092
gaussian_background,gaussian_background__v4__hm_1,4.441129161334794,0.34651009100101265,0.636351509226693,0.1126752364182102,8.705004628864154,0.2382489258564863,0.03681037905965307,0.36099561777583705,-3.714427267974719
gaussian_background,gaussian_background__v3__hm_1,4.441129161334794,0.34651009100101265,0.636351509226693,0.1126752364182102,8.705004628864154,0.2382489258564863,0.03681037905965307,0.36099561777583705,-3.714427267974719
gaussian_background,gaussian_background__v2__hm_1,4.441129161334794,0.34651009100101265,0.636351509226693,0.1126752364182102,8.705004628864154,0.2382489258564863,0.03681037905965307,0.36099561777583705,-3.714427267974719
gaussian_background,gaussian_background__v1__hm_1,4.441129161334794,0.34651009100101265,0.636351509226693,0.1126752364182102,8.705004628864154,0.2382489258564863,0.03681037905965307,0.36099561777583705,-3.714427267974719
basicpy,basicpy__v10__hm_1,4.460549717122924,0.34853468590234926,0.6339800887637668,0.1140589954007195,8.450860067117155,0.23555134904453423,0.036631856248129334,0.36068422117005305,-3.7369929539388638
basicpy,basicpy__v12__hm_1,4.460549717122924,0.34853468590234926,0.6339800887637668,0.1140589954007195,8.450860067117155,0.23555134904453423,0.036631856248129334,0.36068422117005305,-3.7369929539388638
basicpy,basicpy__v14__hm_1,4.460549717122924,0.34853468590234926,0.6339800887637668,0.1140589954007195,8.450860067117155,0.23555134904453423,0.036631856248129334,0.36068422117005305,-3.7369929539388638
basicpy,basicpy__v16__hm_1,4.460549717122924,0.34853468590234926,0.6339800887637668,0.1140589954007195,8.450860067117155,0.23555134904453423,0.036631856248129334,0.36068422117005305,-3.7369929539388638
basicpy,basicpy__v20__hm_1,4.460549717122924,0.34853468590234926,0.6339800887637668,0.1140589954007195,8.450860067117155,0.23555134904453423,0.036631856248129334,0.36068422117005305,-3.7369929539388638
basicpy,basicpy__v18__hm_1,4.460549717122924,0.34853468590234926,0.6339800887637668,0.1140589954007195,8.450860067117155,0.23555134904453423,0.036631856248129334,0.36068422117005305,-3.7369929539388638
basicpy,basicpy__v6__hm_1,4.460549717122924,0.34853468590234926,0.6339800887637668,0.1140589954007195,8.450860067117155,0.23555134904453423,0.036631856248129334,0.36068422117005305,-3.7369929539388638
basicpy,basicpy__v8__hm_1,4.460549717122924,0.34853468590234926,0.6339800887637668,0.1140589954007195,8.450860067117155,0.23555134904453423,0.036631856248129334,0.36068422117005305,-3.7369929539388638
basicpy,basicpy__v24__hm_1,4.460549717122924,0.34853468590234926,0.6339800887637668,0.1140589954007195,8.450860067117155,0.23555134904453423,0.036631856248129334,0.36068422117005305,-3.7369929539388638
basicpy,basicpy__v22__hm_1,4.460549717122924,0.34853468590234926,0.6339800887637668,0.1140589954007195,8.450860067117155,0.23555134904453423,0.036631856248129334,0.36068422117005305,-3.7369929539388638
basicpy,basicpy__v2__hm_1,4.460549717122924,0.34853468590234926,0.6339800887637668,0.1140589954007195,8.450860067117155,0.23555134904453423,0.036631856248129334,0.36068422117005305,-3.7369929539388638
basicpy,basicpy__v4__hm_1,4.460549717122924,0.34853468590234926,0.6339800887637668,0.1140589954007195,8.450860067117155,0.23555134904453423,0.036631856248129334,0.36068422117005305,-3.7369929539388638
