image,method,intensity_bhattacharyya,intensity_wasserstein,gradient_similarity,edge_preservation,local_contrast_ratio,mask_contrast,artifact_penalty,composite_score
"Aufnahme-01_0,5Mio_nach_24h.jpg",gaussian,0.7339627805335546,3.8065693152020685,0.6373050312743267,0.0357826879058252,3.297978210152794,,0.24566809126445074,0.39991833381424713
"Aufnahme-01_0,5Mio_nach_24h.jpg",opening,0.24938119013023943,2.137516282964498,0.6283373827347112,0.04911272181954511,2.8329079669283037,,0.08262958623051891,0.4910601458988189
"Aufnahme-01_0,5Mio_nach_24h.jpg",rolling_ball,0.036117348384339755,2.434851174184587,0.9774750141107195,0.08042796532005166,1.61251391772502,,0.07922722839983189,0.6155914892052339
"Aufnahme-01_0,5Mio_nach_24h.jpg",poly2,0.4939474318148188,3.2098501216387376,0.6958803983929303,0.037972760872867196,3.027238761866731,,0.22821610413033983,0.4441218578534271
"Aufnahme-01_0,5Mio_nach_24h.jpg",poly3,0.5528017937226694,3.4101302348426543,0.6410480590155958,0.03605243991260015,3.3311897249195805,,0.22323464036747356,0.4256420701294621
Aufnahme-01_2Mio_nach_24h.jpg,gaussian,0.43442851818661954,3.8915075156546663,0.8853253588915128,0.0363117624173259,2.059241579231352,,0.25981061791532795,0.48466311690593417
Aufnahme-01_2Mio_nach_24h.jpg,opening,0.08008572206355596,2.412962678790791,0.8800028664837739,0.03485228808650319,1.6908364673637433,,0.12451643790327986,0.573075118361153
Aufnahme-01_2Mio_nach_24h.jpg,rolling_ball,0.025942522467278326,2.5745243168785237,0.6848922572301279,0.08374191017846637,0.7930846291819569,,0.043257129701890856,0.5715143415147051
Aufnahme-01_2Mio_nach_24h.jpg,poly2,0.33236049855933375,3.1041816956712864,0.855402479362113,0.03353772146752939,2.0682223163713576,,0.22834507865845946,0.49966654957771683
Aufnahme-01_2Mio_nach_24h.jpg,poly3,0.30834105244922005,3.3290012483485043,0.8849558194814873,0.030466369814858216,2.0057706144342737,,0.23936338469712543,0.5083998141075641
"Aufnahme-02_0,5Mio_nach_24h.jpg",gaussian,0.6756286631010778,3.76044815449859,0.6798262973875557,0.09304784562516522,3.0582038486609022,,0.29893098101933613,0.421116187538071
"Aufnahme-02_0,5Mio_nach_24h.jpg",opening,0.11115077919505399,2.282028265617555,0.6816110210945729,0.10714285714285714,2.7668801702714974,,0.09741387134692475,0.5441440074091617
"Aufnahme-02_0,5Mio_nach_24h.jpg",rolling_ball,0.029656484080682343,2.412108006683411,0.9576821612347054,0.12851904090267982,1.905378335704335,,0.08760250737086915,0.6219497585221169
"Aufnahme-02_0,5Mio_nach_24h.jpg",poly2,0.48119568903009935,3.2205931248608977,0.7293143156097557,0.09813463098134631,2.829142768974685,,0.20405030185832407,0.4641521579496332
"Aufnahme-02_0,5Mio_nach_24h.jpg",poly3,0.495981886803219,3.248024773201905,0.7176044286432817,0.0981983444246064,2.8482312455755725,,0.1998804431528845,0.4600671739879046
Aufnahme-02_2Mio_nach_24h.jpg,gaussian,0.43103916297923706,3.7359592552820686,0.922260359187179,0.10164361170808488,1.9219744639166025,,0.27939145243980307,0.501922868727646
Aufnahme-02_2Mio_nach_24h.jpg,opening,0.05103017224473857,2.4551688398059923,0.9106969340786948,0.12274787864698361,1.6487785564060857,,0.40775245147429023,0.5848946736811578
Aufnahme-02_2Mio_nach_24h.jpg,rolling_ball,0.0255749307201459,2.664430149598047,0.97406101962936,0.12628086988573534,1.4557195258384992,,0.10713647270678198,0.6241549246030691
Aufnahme-02_2Mio_nach_24h.jpg,poly2,0.30667857961177664,3.257005754567217,0.918658347578489,0.09975485574203281,1.8964677378742336,,0.32795566514453495,0.5213807302034364
Aufnahme-02_2Mio_nach_24h.jpg,poly3,0.3105008890841121,3.246086090512108,0.9239485350831964,0.10186522640205992,1.8817687580522429,,0.26649857894324036,0.5255487092788536
"Aufnahme-03_0,5Mio_nach_24h.jpg",gaussian,0.8555514091736673,3.99313498463016,0.4855480746254984,0.030608584751504523,5.397214841328107,,0.2741781015060624,0.35743255545978714
"Aufnahme-03_0,5Mio_nach_24h.jpg",opening,0.4067545579143619,2.2048975923098624,0.4660063066938753,0.034552434835320264,4.649517612916641,,0.1718196083546221,0.42173476718452974
"Aufnahme-03_0,5Mio_nach_24h.jpg",rolling_ball,0.0906308024000758,2.5619394663954154,0.734443615179527,0.0368022899202617,2.981846517137757,,0.07695459954750841,0.5487376564012856
"Aufnahme-03_0,5Mio_nach_24h.jpg",poly2,0.5953748039454042,3.283023092080839,0.5618817773892817,0.03232581499406447,4.645522799083053,,0.2258018619592121,0.40494976577358566
"Aufnahme-03_0,5Mio_nach_24h.jpg",poly3,0.6256224229273115,3.2853915376472287,0.5484258737839562,0.033960489181561616,4.661345731649535,,0.20741123722230148,0.4000415850150453
Aufnahme-03_2Mio_nach_24h.jpg,gaussian,0.5110938871407564,3.7601431614893954,0.8347324817314976,0.10281130150241019,2.2816791241738756,,0.25403409127366455,0.4754330978841327
Aufnahme-03_2Mio_nach_24h.jpg,opening,0.13142301878468252,2.165522546565626,0.768051746111175,0.12135255750085822,2.1523473768223016,,0.19377372902907225,0.5487586740207162
Aufnahme-03_2Mio_nach_24h.jpg,rolling_ball,0.037211619496735196,2.4386794242309406,0.9203061893239025,0.12269500379515114,1.8656364994286665,,0.13955928944771323,0.6077216237275727
Aufnahme-03_2Mio_nach_24h.jpg,poly2,0.381819140273433,3.2318616576958448,0.8621077488429547,0.11513339104430628,2.1324540410316786,,0.2019132780923554,0.5075071757823386
Aufnahme-03_2Mio_nach_24h.jpg,poly3,0.40131356982122,3.1796988063433673,0.8559937017314521,0.11431929480901078,2.134183343285539,,0.2042378121676372,0.5026105046949897
"Aufnahme-04_0,5Mio_nach_48h.jpg",gaussian,0.5486073050263127,3.7563783131190576,0.7798738622730137,0.025043302540415705,2.373150283264999,,0.24163618354315203,0.447408917919901
"Aufnahme-04_0,5Mio_nach_48h.jpg",opening,0.15624481226177564,2.3374939264613204,0.7163431912223706,0.031049422336328625,2.3207003835539397,,0.14363605873414131,0.520938173085831
"Aufnahme-04_0,5Mio_nach_48h.jpg",rolling_ball,0.028754250025874537,2.4597561510745436,0.9474774959304789,0.04054186708550113,1.757623128355104,,0.07307211879563612,0.6063110764145136
"Aufnahme-04_0,5Mio_nach_48h.jpg",poly2,0.4022763205883109,3.2738967017212417,0.7979843234968074,0.027419049422457868,2.3030546215126617,,0.24108254062501652,0.4746145824254212
"Aufnahme-04_0,5Mio_nach_48h.jpg",poly3,0.41667395689099007,3.2790386347915046,0.787784588849438,0.02685512367491166,2.3142440224994623,,0.2395134044192481,0.47029632200146537
Aufnahme-04_2Mio_nach_48h.jpg,gaussian,0.43669253118531737,3.652290594909573,0.9436464413152242,0.09213312340517943,1.8580722590736476,,0.27010402287386515,0.503610236124594
Aufnahme-04_2Mio_nach_48h.jpg,opening,0.09121928947480085,2.3867856459401082,0.9025964186672542,0.09909062402006899,1.7409932322830681,,0.17969598909448453,0.5808049651287652
Aufnahme-04_2Mio_nach_48h.jpg,rolling_ball,0.026202429296480374,2.4627808629884385,0.9442875494517737,0.14735146022155085,1.341976266210708,,0.07813835670597809,0.624852613451012
Aufnahme-04_2Mio_nach_48h.jpg,poly2,0.3171024837863478,3.219266179658007,0.9473447816828198,0.09812687454020712,1.8031762706070047,,0.2572662679016899,0.5282300128518413
Aufnahme-04_2Mio_nach_48h.jpg,poly3,0.3198245566811836,3.226388897455763,0.9511002168412166,0.09916738443870227,1.7868724876770803,,0.2575462405793167,0.5285035305028443
"Aufnahme-05_0,5Mio_nach_48h.jpg",gaussian,0.6061337077859172,3.736705417977646,0.783501273340277,0.07015843429636533,2.494397004773314,,0.19112070397621497,0.45125960623508843
"Aufnahme-05_0,5Mio_nach_48h.jpg",opening,0.13808432486134398,2.269555264210794,0.7294715139695152,0.07476801491808374,2.2851983113919956,,0.14133805307016595,0.535892707376611
"Aufnahme-05_0,5Mio_nach_48h.jpg",rolling_ball,0.039878158907957574,2.452470858406741,0.9272864255263379,0.12936763834967427,1.3931116301734556,,0.07071579890707967,0.6148878195379733
"Aufnahme-05_0,5Mio_nach_48h.jpg",poly2,0.44893277217937383,3.3056521469552536,0.7991954004432528,0.06793728865662466,2.433649866309498,,0.1976139248665549,0.47680468472666443
"Aufnahme-05_0,5Mio_nach_48h.jpg",poly3,0.4650180364501679,3.2987715251510963,0.787709139506058,0.06948393378773125,2.4548737803890845,,0.19374881831030208,0.4726834127924958
Aufnahme-05_2Mio_nach_48h.jpg,gaussian,0.44461305647817484,3.688355409685755,0.9983774420615321,0.12184773514999403,1.6488688748669116,,0.28123118305692507,0.5163687434628053
Aufnahme-05_2Mio_nach_48h.jpg,opening,0.05242027482938071,2.317578616202809,0.938864296266162,0.13508643128879397,1.5574895218557177,,0.15389156983320482,0.6071713919672137
Aufnahme-05_2Mio_nach_48h.jpg,rolling_ball,0.023062326779050624,2.4164176508202218,0.9415408251755253,0.1729132786203245,1.3370303133225991,,0.1193359795352717,0.6264782932207383
Aufnahme-05_2Mio_nach_48h.jpg,poly2,0.3446631870893209,3.479853346652817,0.9973485581398938,0.13202553323991903,1.5998367130881037,,0.2711441494056338,0.536597979237646
Aufnahme-05_2Mio_nach_48h.jpg,poly3,0.34759796058048137,3.4883202423225157,0.9966134893421615,0.13130334198268045,1.5986358198710806,,0.26526128856359765,0.5361418825245017
"Aufnahme-06_0,5Mio_nach_48h.jpg",gaussian,0.605938144921703,3.7126337096560746,0.8033262563151404,0.06990478486199832,2.3337452649036874,,0.24812303961542442,0.4508768844994423
"Aufnahme-06_0,5Mio_nach_48h.jpg",opening,0.22311452104721374,2.2642276012629736,0.7323841878138666,0.08748317631224764,2.2085088418736865,,0.3094262547693388,0.5060008398016145
"Aufnahme-06_0,5Mio_nach_48h.jpg",rolling_ball,0.032369175520165966,2.51456351208617,0.9779105426539371,0.09321206515595293,1.808759578237236,,0.08037577130615806,0.6190328514842252
"Aufnahme-06_0,5Mio_nach_48h.jpg",poly2,0.44654901998504437,3.2270372154016513,0.8367721844948234,0.06962302107933176,2.187910669864523,,0.2146938991400617,0.48289958862099935
"Aufnahme-06_0,5Mio_nach_48h.jpg",poly3,0.4636911723337166,3.213730188435875,0.8233927409220612,0.07012634984479517,2.2148228498201035,,0.20989062785973087,0.47813942033883405
Aufnahme-06_2Mio_nach_48h.jpg,gaussian,0.4313855195306215,3.6763803522626404,0.9911748375300473,0.15430957036410717,1.5335884554517898,,0.28474528706780744,0.5228145440282739
Aufnahme-06_2Mio_nach_48h.jpg,opening,0.07423941047603734,2.420003441220615,0.9962796530699761,0.21001760502606234,1.3578312795614849,,0.16193547344271733,0.622977234576378
Aufnahme-06_2Mio_nach_48h.jpg,rolling_ball,0.027893471670618647,2.5316689696046524,0.9354140404187701,0.21888187493460748,1.2543402762679272,,0.10584701412723971,0.6329324179876404
Aufnahme-06_2Mio_nach_48h.jpg,poly2,0.33150807015911626,3.327263034589123,0.9715479029111842,0.18245738426541405,1.4386477912101892,,0.257864053149509,0.5443106137282336
Aufnahme-06_2Mio_nach_48h.jpg,poly3,0.33478791624375237,3.3657445196877234,0.9705465907040707,0.17720195212642342,1.4378399065180862,,0.2781879506142657,0.5413056915671128
"Aufnahme-07_0,5Mio_nach_72h.jpg",gaussian,0.43711248431530664,3.641725261841202,0.9482539470480641,0.0581512182868626,1.8056842782874845,,0.2522177210513304,0.4995231356517789
"Aufnahme-07_0,5Mio_nach_72h.jpg",opening,0.07863371595139074,2.310888756037457,0.8862942750274827,0.06707954036710939,1.6662532956957845,,0.11109187821586435,0.5813265478958752
"Aufnahme-07_0,5Mio_nach_72h.jpg",rolling_ball,0.025354174993238485,2.5457826591446064,0.8829077826484075,0.08536263271882098,1.199562113886718,,0.15410431805475655,0.597440069982192
"Aufnahme-07_0,5Mio_nach_72h.jpg",poly2,0.3322218698280514,3.3911889043520205,0.9394469043602713,0.0580169458637863,1.819028085073321,,0.2434011195550648,0.5176997454225164
"Aufnahme-07_0,5Mio_nach_72h.jpg",poly3,0.41766808242187525,3.3501567096391227,0.9280040102649577,0.058450298019611616,1.8324265988014952,,0.24481885653447766,0.49984678280711436
Aufnahme-07_2Mio_nach_72h.jpg,gaussian,0.3355706254328178,3.375183472962817,0.9110619015804192,0.056041948418630035,1.5368698586237486,,0.3397105628922426,0.5059464331154885
Aufnahme-07_2Mio_nach_72h.jpg,opening,0.029387299311520537,2.384673426859081,0.9496395112435454,0.08367805223968798,1.354959872015688,,0.20315157025271413,0.6039537019456298
Aufnahme-07_2Mio_nach_72h.jpg,rolling_ball,0.026515201823225337,2.554697930754628,0.8554063262086874,0.11021829844466668,1.1029404391899371,,0.12057850436817452,0.599183322278819
Aufnahme-07_2Mio_nach_72h.jpg,poly2,0.3479478015194657,3.63578348653391,0.9235971199133891,0.05609443631039532,1.598975807345737,,0.3257723110259624,0.5065277268893692
Aufnahme-07_2Mio_nach_72h.jpg,poly3,0.3491800468188032,3.641412884462625,0.9236474428698025,0.05564212000090328,1.5946878518846959,,0.3254714442174024,0.5062373497733788
"Aufnahme-08_0,5Mio_nach_72h.jpg",gaussian,0.4347285922774002,3.6572930264810566,0.9422518119607444,0.07587626660963025,1.8620389254628142,,0.3736049203950585,0.4949221288228039
"Aufnahme-08_0,5Mio_nach_72h.jpg",opening,0.08943521378038552,2.3849480140779633,0.8857523665915217,0.08926308165851891,1.7504389333987174,,0.24631015499449826,0.5721319356009051
"Aufnahme-08_0,5Mio_nach_72h.jpg",rolling_ball,0.024085977706582794,2.4432442113175057,0.8879693793313158,0.13294241204270962,1.212608654069454,,0.07518935576300237,0.6134346158721071
"Aufnahme-08_0,5Mio_nach_72h.jpg",poly2,0.3201389277090491,3.364403191662859,0.928498151609536,0.0741568135999564,1.8823313461321085,,0.3766268439948641,0.5132295567317714
"Aufnahme-08_0,5Mio_nach_72h.jpg",poly3,0.3219369923126919,3.3872485157917254,0.9303887797834318,0.07567127746135069,1.865317814470081,,0.36647746860930347,0.5140043697614143
"Aufnahme-09_0,5Mio_nach_72h.jpg",gaussian,0.4423099987535461,3.707723920379067,0.9237924604423378,0.06198034769463341,1.9674143380395512,,0.3689266824436221,0.48822645125596364
"Aufnahme-09_0,5Mio_nach_72h.jpg",opening,0.07924452462926362,2.302533004403813,0.876742040158319,0.06693227091633466,1.7901230374921484,,0.23052198615083633,0.5707102569137473
"Aufnahme-09_0,5Mio_nach_72h.jpg",rolling_ball,0.02549610274558092,2.5448669082834385,0.973649684867955,0.0825615242127547,1.4687003309831048,,0.195756596984199,0.6097642468052489
"Aufnahme-09_0,5Mio_nach_72h.jpg",poly2,0.33939206504834335,3.5348618519492447,0.9122752197069954,0.0625289628965986,1.9817097141235265,,0.31781495708860014,0.5077865027258891
"Aufnahme-09_0,5Mio_nach_72h.jpg",poly3,0.3416007861533812,3.5466813106904738,0.9171846347087264,0.06319667780310363,1.9626495842442004,,0.31364279432683506,0.5085732999621864
Aufnahme-09_2Mio_nach_72h.jpg,gaussian,0.3330460886637422,3.3940200122015085,0.9060024911848947,0.03621892552200086,1.585716799878074,,0.4824673170423361,0.4949004241406952
Aufnahme-09_2Mio_nach_72h.jpg,opening,0.02918249922868043,2.395851959445281,0.9450961940993775,0.04217980295566502,1.3444952549755755,,0.27410101523763825,0.5913357519030259
Aufnahme-09_2Mio_nach_72h.jpg,rolling_ball,0.025373007791245353,2.511100020201411,0.8766960165613465,0.053048431128037477,1.1682461990131365,,0.1970988734513407,0.5875797649217276
Aufnahme-09_2Mio_nach_72h.jpg,poly2,0.3446784556006337,3.448319788731169,0.875428233455382,0.03720829026818256,1.4961996060205314,,0.4611402374932004,0.4884363657938357
Aufnahme-09_2Mio_nach_72h.jpg,poly3,0.34503541671220544,3.4354128313134424,0.8729886598046526,0.03800462144896018,1.4899805807580127,,0.4588199380935669,0.48818857634929436
"Aufnahme-12_0,5Mio_nach_96h.jpg",gaussian,0.340662267340708,3.6452794367505703,0.9754034165337282,0.02363326535743219,1.5850748261018133,,0.3062787229611117,0.5124497637942618
"Aufnahme-12_0,5Mio_nach_96h.jpg",opening,0.05099770244197919,2.412339586444432,0.9522065163109248,0.034895875211063763,1.248191936356729,,0.20253022881020463,0.588917814294686
"Aufnahme-12_0,5Mio_nach_96h.jpg",rolling_ball,0.027454845441805886,2.3973566490167286,0.7508923512578426,0.07417143930147405,0.7200627954844158,,0.05315981682021368,0.5799860873105533
"Aufnahme-12_0,5Mio_nach_96h.jpg",poly2,0.34166351568946796,3.5025638299703132,0.9146764555391504,0.028082633957391866,1.4088939742452504,,0.29862062223967806,0.5028578021516703
"Aufnahme-12_0,5Mio_nach_96h.jpg",poly3,0.34074693084113455,3.4827003958343994,0.90555607419148,0.02736130704373216,1.3933814604713883,,0.28814817790908415,0.5019398807495693
